id,first_name,last_name,Address
1,Garry,Mc Mechan,Salinas
2,Yves,Longlands,Fallon
3,Malissia,Lerhinan,Twin Peaks
4,Nikolaus,Harrild,Dallas
5,Davie,Blazek,Syracuse
6,Noel,Linforth,Wanda
7,Tobe,Garvill,Park Hall
8,Desmund,Haselup,La Place
9,Garrett,Vossgen,Gilroy
10,Sheilakathryn,Davidowich,Yellowtail
11,Brunhilde,Ebenezer,Houston
12,Anabella,Stallon,Green Bay
13,Monty,Basindale,Tate
14,Bird,Seabrooke,Fruitland
15,Donny,Sunners,Jonesboro
16,Pammie,Gozard,Crab Orchard
17,Don,Bacchus,Hodge
18,Bernete,Rickaert,Adrian
19,Grant,Khosa,Portsmouth
20,Kary,Ord,Middlefield
21,Gael,Goodlip,Gardner
22,Ellene,Kinker,Gadsden
23,Robby,Scathard,East Saint Louis
24,Dolph,Bullin,Minneapolis
25,Agathe,Salleir,New York
26,Carlota,Osan,Burt
27,Nikolaus,Nurden,Adirondack
28,Matthus,Sines,Petrified Forest Natl Pk
29,Say,Swateridge,Millington
30,Margaret,Obington,Huntsville
31,Anissa,Persence,Hooven
32,Aggie,Burgot,Karval
33,Holmes,Macer,Valdosta
34,Aline,Tedder,Prescott
35,Loree,Enion,Chicago
36,Gilda,Heinzler,Cloverdale
37,Brittany,Deshorts,New Creek
38,Curtice,Garraway,Ashcamp
39,Dennet,Gerbl,Carmen
40,Almire,Gye,Adel
41,Laura,Bittleson,Emigsville
42,Veronique,Trassler,Cottonport
43,Kurt,Gavey,Ellington
44,Sephira,Stalf,Morse Bluff
45,Michele,Repp,Lake Spring
46,Alejandra,Turle,Pemaquid
47,Gery,Sissons,Cedar Rapids
48,Teador,Eldered,Priddy
49,Cherice,Agneau,Westlake
50,Morton,Shemilt,Fordland
51,Bethina,Harrington,Grand Marais
52,Hilliard,Fanthom,Stanwood
53,Dorella,Saffer,Seattle
54,Jarred,Wadham,Hazleton
55,Katharina,Ezzy,Hainesport
56,Audre,Goodbarr,Greenbelt
57,Berenice,Rosenfeld,Whippleville
58,Giacinta,Meagher,Olympia
59,Mikael,Jowsey,Tampa
60,Meghann,Eberst,Orlando
61,Zorine,MacGoun,Montpelier
62,Abbe,Bain,Reedley
63,Oberon,Gaye,Crystal Hill
64,Joyan,Jeenes,Savage
65,Aubert,Gillison,San Bernardino
66,Pooh,Voyce,Waco
67,Fanchon,Gayle,Summit Argo
68,Johann,Klawi,Jacksonville
69,Price,Butland,Sarasota
70,Carmine,Castillo,Stetsonville
71,Ardine,Critzen,El Mirage
72,Leonelle,Oslar,Phoenix
73,Emmalyn,Scawton,Starbuck
74,Jeanne,Ianizzi,Kansas City
75,Miguela,Martijn,Helenville
76,Farah,McQuilkin,Augusta
77,Dedie,Harm,Norvelt
78,Bryna,Garton,Monroe City
79,Zaneta,Fellona,Augusta
80,Addy,Cavolini,Linkwood
81,Pippy,Rampage,Sussex
82,Anabal,Mungane,South Pittsburg
83,Jasun,Cocozza,Talmoon
84,Tawsha,Cottrill,Lone Rock
85,Paule,Kuhndel,Pacific Beach
86,Dexter,Gatrill,Omaha
87,Phebe,Loweth,Dawson
88,Muriel,Vasyuchov,Long Beach
89,Jervis,Baudoux,Granger
90,Gallard,Beynkn,Warbranch
91,Sapphira,Salvati,Gueydan
92,Merle,Jewsbury,Fort Davis
93,Gerhardt,Clell,Sandy Creek
94,Moina,Duggan,Palmersville
95,Clarke,McCarly,Portland
96,Georgetta,Browne,Perry
97,Kendall,Jacquemot,Tucson
98,Case,Hetterich,Grove
99,Norina,Cox,Shawnee Mission
100,Evvie,Boays,Yuma
